scenario,execIndex,plotIndex,label,start,end,type,duration_ms
24h,1,0,c1-internet,0,294,context,294
24h,1,0,c2-battery,0,294,context,294
24h,1,0,c3-doctor,0,294,context,294
24h,1,0,c5-patientok,0,294,context,294
24h,1,0,client-request,0,294,http-200,294
24h,2,0,!c1-internet,294,508,context,214
24h,2,0,!c2-battery,294,508,context,214
24h,2,0,c4-drug,0,508,context,508
24h,2,0,client-request,444,508,http-200,64
24h,3,0,c2-battery,508,677,context,169
24h,3,0,!c3-doctor,294,677,context,383
24h,3,0,!c5-patientok,294,677,context,383
24h,3,0,client-request,659,677,http-200,18
24h,4,0,!c4-drug,508,1063,context,555
24h,4,0,c5-patientok,677,1063,context,386
24h,4,0,client-request,827,1063,http-200,236
24h,5,0,!c2-battery,677,1528,context,851
24h,5,0,!c5-patientok,1063,1528,context,465
24h,5,0,client-request,1213,1528,http-200,315
24h,6,0,c2-battery,1528,1759,context,231
24h,6,0,c3-doctor,677,1759,context,1082
24h,6,0,client-request,1678,1759,http-200,81
24h,7,0,c4-drug,1063,2074,context,1011
24h,7,0,client-request,1909,2074,http-200,165
24h,8,0,client-request,2224,2351,http-200,127
24h,9,0,!c3-doctor,1759,2548,context,789
24h,9,0,client-request,2501,2548,http-200,47
24h,10,0,!c4-drug,2074,2913,context,839
24h,10,0,client-request,2698,2913,http-200,215
24h,11,0,!c2-battery,1759,3266,context,1507
24h,11,0,client-request,3063,3266,http-200,203
24h,12,0,c2-battery,3266,3570,context,304
24h,12,0,c3-doctor,2548,3570,context,1022
24h,12,0,client-request,3417,3570,http-200,153
24h,13,0,!c3-doctor,3570,3775,context,205
24h,13,0,c4-drug,2913,3775,context,862
24h,13,0,client-request,3721,3775,http-200,54
24h,14,0,c3-doctor,3775,4131,context,356
24h,14,0,!c4-drug,3775,4131,context,356
24h,14,0,client-request,3925,4131,http-200,206
24h,15,0,!c2-battery,3570,4357,context,787
24h,15,0,client-request,4281,4357,http-200,76
24h,16,0,c1-internet,508,4535,context,4027
24h,16,0,!c3-doctor,4131,4535,context,404
24h,16,0,client-request,4507,4535,http-200,28
24h,17,0,c2-battery,4357,4796,context,439
24h,17,0,c4-drug,4131,4796,context,665
24h,17,0,client-request,4686,4796,http-200,110
24h,18,0,!c1-internet,4535,5036,context,501
24h,18,0,!c2-battery,4796,5036,context,240
24h,18,0,!c4-drug,4796,5036,context,240
24h,18,0,client-request,4947,5036,http-200,89
24h,19,0,c3-doctor,4535,5287,context,752
24h,19,0,c5-patientok,1528,5287,context,3759
24h,19,0,client-request,5186,5287,http-200,101
24h,20,0,!c3-doctor,5287,5531,context,244
24h,20,0,!c5-patientok,5287,5531,context,244
24h,20,0,client-request,5437,5531,http-200,94
24h,21,0,client-request,5681,5802,http-200,121
24h,22,0,c1-internet,5036,6002,context,966
24h,22,0,c2-battery,5036,6002,context,966
24h,22,0,client-request,5952,6002,http-200,50
24h,23,0,!c1-internet,6002,6189,context,187
24h,23,0,!c2-battery,6002,6189,context,187
24h,23,0,c3-doctor,5531,6189,context,658
24h,23,0,client-request,6154,6189,http-200,35
24h,24,0,c2-battery,6189,6386,context,197
24h,24,0,!c3-doctor,6189,6386,context,197
24h,24,0,client-request,6339,6386,http-200,47
24h,25,0,!c2-battery,6386,6701,context,315
24h,25,0,client-request,6536,6701,http-200,165
24h,26,0,client-request,6852,6938,http-200,86
24h,27,0,c2-battery,6701,7193,context,492
24h,27,0,client-request,7088,7193,http-200,105
24h,28,0,c3-doctor,6386,7540,context,1154
24h,28,0,client-request,7343,7540,http-200,197
24h,29,0,c1-internet,6189,7772,context,1583
24h,29,0,!c2-battery,7193,7772,context,579
24h,29,0,c5-patientok,5531,7772,context,2241
24h,29,0,client-request,7690,7772,http-200,82
24h,30,0,!c1-internet,7772,7962,context,190
24h,30,0,!c3-doctor,7540,7962,context,422
24h,30,0,!c5-patientok,7772,7962,context,190
24h,30,0,client-request,7922,7962,http-200,40
24h,31,0,client-request,8112,8231,http-200,119
24h,32,0,c2-battery,7772,8455,context,683
24h,32,0,c4-drug,5036,8455,context,3419
24h,32,0,client-request,8382,8455,http-200,73
24h,33,0,c1-internet,7962,8738,context,776
24h,33,0,!c2-battery,8455,8738,context,283
24h,33,0,!c4-drug,8455,8738,context,283
24h,33,0,client-request,8605,8738,http-200,133
24h,34,0,!c1-internet,8738,9062,context,324
24h,34,0,c2-battery,8738,9062,context,324
24h,34,0,c3-doctor,7962,9062,context,1100
24h,34,0,c5-patientok,7962,9062,context,1100
24h,34,0,client-request,8889,9062,http-200,173
24h,35,0,c4-drug,8738,9346,context,608
24h,35,0,!c5-patientok,9062,9346,context,284
24h,35,0,client-request,9212,9346,http-200,134
24h,36,0,c5-patientok,9346,9660,context,314
24h,36,0,client-request,9496,9660,http-200,164
24h,37,0,!c5-patientok,9660,9901,context,241
24h,37,0,client-request,9810,9901,http-200,91
24h,38,0,!c2-battery,9062,10199,context,1137
24h,38,0,!c3-doctor,9062,10199,context,1137
24h,38,0,!c4-drug,9346,10199,context,853
24h,38,0,client-request,10051,10199,http-200,148
24h,39,0,c3-doctor,10199,10493,context,294
24h,39,0,client-request,10349,10493,http-200,144
24h,40,0,c4-drug,10199,10718,context,519
24h,40,0,client-request,10643,10718,http-200,75
24h,41,0,c2-battery,10199,10998,context,799
24h,41,0,!c3-doctor,10493,10998,context,505
24h,41,0,!c4-drug,10718,10998,context,280
24h,41,0,c5-patientok,9901,10998,context,1097
24h,41,0,client-request,10868,10998,http-200,130
24h,42,0,c3-doctor,10998,11189,context,191
24h,42,0,c4-drug,10998,11189,context,191
24h,42,0,!c5-patientok,10998,11189,context,191
24h,42,0,client-request,11148,11189,http-200,41
24h,43,0,!c4-drug,11189,11409,context,220
24h,43,0,client-request,11339,11409,http-200,70
24h,44,0,client-request,11559,11705,http-200,146
24h,45,0,!c2-battery,10998,12048,context,1050
24h,45,0,!c3-doctor,11189,12048,context,859
24h,45,0,client-request,11855,12048,http-200,193
24h,46,0,c3-doctor,12048,12254,context,206
24h,46,0,c4-drug,11409,12254,context,845
24h,46,0,client-request,12198,12254,http-200,56
24h,47,0,!c4-drug,12254,12486,context,232
24h,47,0,client-request,12404,12486,http-200,82
24h,48,0,c2-battery,12048,12759,context,711
24h,48,0,client-request,12636,12759,http-200,123
24h,99,0,c1-internet,9062,12909,context,3847
24h,99,0,!c2-battery,12759,12909,context,150
24h,99,0,!c3-doctor,12254,12909,context,655
24h,99,0,c4-drug,12486,12909,context,423
24h,99,0,c5-patientok,11189,12909,context,1720
24h,21aabec1-4fb7-4f93-80c9-6653b582ef6b,1,ms-treatment,51,68,bundle,17
24h,aef715b5-b17c-4b89-9905-589066705706,1,ms-intelligence,24,81,bundle,57
24h,986d5e1d-4419-4874-bfc3-b86072e272d6,1,ms-treatment,141,161,bundle,20
24h,90f07cee-3410-4108-bb5c-dd4d34422e7b,1,ms-intelligence,133,180,bundle,47
24h,83ec8a82-9de1-432a-8c8e-abb9873f05e6,1,ms-treatment,258,275,bundle,17
24h,066d4d89-d786-4b0a-a2f6-916d313c7efd,1,ms-intelligence,238,288,bundle,50
24h,024706ec-93e1-416b-8287-710369d33cd6,1,ms-treatment,455,463,bundle,8
24h,2b49c3be-7334-4255-8256-2cad50502363,1,ms-intelligence,450,470,bundle,20
24h,945ec572-009d-495e-8f76-695bb926ae8f,1,ms-treatment,496,502,bundle,6
24h,bb67c7f7-f972-44c5-afa3-fe7c5775c938,1,ms-intelligence,489,507,bundle,18
24h,6cb89db9-3442-42fd-9f32-b68ad6d5d16a,1,ms-treatment,669,673,bundle,4
24h,3e4d6b1d-2ae7-46be-ab96-8e7eada184bf,1,ms-intelligence,665,675,bundle,10
24h,f7c9852b-dcc3-4cf4-8f7b-ff8a8e8255cb,1,ms-treatment,864,876,bundle,12
24h,a702bc23-6dfd-47e9-8b2d-a5d50da224bc,1,ms-intelligence,848,882,bundle,34
24h,46b05e31-2c9b-4d23-a075-1ad4c14ff2d2,1,ms-treatment,926,939,bundle,13
24h,46ca9454-2762-4014-9492-351989757a28,1,ms-intelligence,909,943,bundle,34
24h,80984ea0-7b0e-465f-ae29-30c679ff8e12,1,ms-treatment,982,993,bundle,11
24h,847e5992-42d5-4349-b5b2-c888530efab4,1,ms-intelligence,968,999,bundle,31
24h,27de3546-7978-426b-b934-aea07825fe8a,1,ms-treatment,1038,1051,bundle,13
24h,a73e2b32-8b6d-4f29-a795-eab36ba376e2,1,ms-intelligence,1024,1056,bundle,32
24h,20251fdf-5e78-4093-b19a-66132ad20d77,1,ms-treatment,1246,1259,bundle,13
24h,c5081a09-83d8-4b89-9aee-14a83e1df851,1,ms-intelligence,1231,1264,bundle,33
24h,48eec3d7-b8d3-4e10-8b3c-b48b04e4bbb7,1,ms-treatment,1308,1324,bundle,16
24h,38d80ca0-e136-49ef-ae16-cb94c5c4caba,1,ms-intelligence,1293,1331,bundle,38
24h,560709f2-8e9d-4335-af78-c8d9069b648a,1,ms-treatment,1373,1384,bundle,11
24h,4eb7e637-99f0-4840-95ec-b6eb88646607,1,ms-intelligence,1362,1390,bundle,28
24h,4e74127b-e988-460b-afa8-81574ca54976,1,ms-treatment,1492,1521,bundle,29
24h,57abaa42-7c3a-4312-8048-c571edf7f863,1,ms-intelligence,1465,1522,bundle,57
24h,076884da-22bc-4289-97b6-c95caa1d12cd,1,ms-treatment,1689,1693,bundle,4
24h,e958868d-7905-4202-92cd-c278b59d3448,1,ms-intelligence,1684,1695,bundle,11
24h,4ccca9ed-fffe-421a-8210-1c7c267cfc77,1,ms-treatment,1711,1715,bundle,4
24h,ea254460-d662-4bfe-863e-0dc66646638c,1,ms-intelligence,1707,1717,bundle,10
24h,6a497375-4bdd-439e-92cf-1e7e532fcd4e,1,ms-treatment,1729,1734,bundle,5
24h,fa399e6b-f388-4bfa-b81f-83d4017b4c25,1,ms-intelligence,1727,1738,bundle,11
24h,8a5814fe-2e45-42d4-8cc0-b1689b285c14,1,ms-treatment,1751,1755,bundle,4
24h,56419850-a6f9-4780-ae7a-761110fdc260,1,ms-intelligence,1747,1756,bundle,9
24h,ccb1b526-5778-445e-bb1e-556cbf45168e,1,ms-treatment,1940,1952,bundle,12
24h,84a16c82-ffd4-4200-a0b5-95358fcc2ff5,1,ms-intelligence,1925,1956,bundle,31
24h,ef4355b0-fa69-4a44-8756-9cfb83c66951,1,ms-treatment,1995,2009,bundle,14
24h,4588496f-9f80-4847-930b-3b99c898aa33,1,ms-intelligence,1983,2014,bundle,31
24h,119f213e-bd30-4dbc-afb4-16263a8b4f3d,1,ms-treatment,2048,2059,bundle,11
24h,44aeafb3-4931-4e10-a25f-6922e44aaead,1,ms-intelligence,2038,2064,bundle,26
24h,bdf622ce-d7df-4572-aa99-5d2fd74a04a7,1,ms-intelligence,2257,2282,bundle,25
24h,613cb788-86d7-4c02-8538-89004f8409a1,1,ms-treatment,2273,2290,bundle,17
24h,cc4a5848-9752-4ffe-b2c0-0e33e81e96e0,1,ms-treatment,2309,2318,bundle,9
24h,049b29f9-9968-4a59-87ec-3f2ce6a2c7be,1,ms-intelligence,2304,2320,bundle,16
24h,5f01108e-ca39-4034-b6ae-43250e172bfa,1,ms-treatment,2340,2347,bundle,7
24h,5ff37ba7-a91a-4d58-893c-c9d9d2930a91,1,ms-intelligence,2334,2350,bundle,16
24h,e4d0a1aa-d1d1-408b-b6ca-e4cb4f45ab70,1,ms-treatment,2526,2538,bundle,12
24h,4efd385a-9fb5-4d62-8712-2cf9a41bcfeb,1,ms-intelligence,2515,2542,bundle,27
24h,a88d72c8-9c27-40bb-b600-fbcdc9acd660,1,ms-treatment,2721,2734,bundle,13
24h,153e9cb8-7d1a-477c-b302-8b9946d99182,1,ms-intelligence,2713,2740,bundle,27
24h,eedfaea6-dbef-4c04-b398-c14104dbdaf5,1,ms-treatment,2782,2795,bundle,13
24h,163d80ad-3f25-4c28-a5ee-92838fa8a278,1,ms-intelligence,2768,2800,bundle,32
24h,bb6f10c0-c8f1-4e51-a3d5-c9c615c1d2a8,1,ms-treatment,2840,2853,bundle,13
24h,d4b4c8b4-b994-42e6-a96e-1c7b2f73f341,1,ms-intelligence,2828,2856,bundle,28
24h,a1d802ac-2445-49c6-87c0-01fcb799dd21,1,ms-treatment,2892,2901,bundle,9
24h,06ff68b2-8406-450a-bf05-42fbfe204d54,1,ms-intelligence,2883,2905,bundle,22
24h,39ac0bf9-27ed-4a74-8263-b4d0b908a3ee,1,ms-treatment,3090,3103,bundle,13
24h,bc3a546e-f263-4f4b-823e-30e2fa6233a9,1,ms-intelligence,3078,3106,bundle,28
24h,6618b54e-8525-402c-9e43-8047ddc4159f,1,ms-treatment,3145,3157,bundle,12
24h,9e2e19d0-c9a2-4750-8981-beb7c3af868a,1,ms-intelligence,3132,3160,bundle,28
24h,38b6ab03-1459-42a0-84c8-84c2e53ca863,1,ms-treatment,3188,3196,bundle,8
24h,5ddae387-5e0b-41c0-83fd-c755f34631e2,1,ms-intelligence,3180,3200,bundle,20
24h,ff49714b-d739-4a98-91a9-4c673fd7ee0b,1,ms-treatment,3233,3251,bundle,18
24h,317826fc-6969-4295-b1ed-200825c723cb,1,ms-intelligence,3222,3261,bundle,39
24h,4152fc87-946d-4ac5-be44-7964661a110e,1,ms-treatment,3444,3454,bundle,10
24h,7406131c-b08d-4c31-be1d-7e495b131a5f,1,ms-intelligence,3432,3457,bundle,25
24h,1d06ccdf-a6a3-4157-927b-21b3772d59df,1,ms-treatment,3491,3500,bundle,9
24h,9786bc05-ac12-4bf7-a548-16994d407552,1,ms-intelligence,3482,3504,bundle,22
24h,74c5af6c-5d42-4c4d-a03d-efa85f0af78f,1,ms-treatment,3540,3558,bundle,18
24h,e91531d9-8d07-49f5-ad10-4401cf0d74b4,1,ms-intelligence,3528,3563,bundle,35
24h,25bc1db8-893a-41ec-bed0-c550f1c7f7ba,1,ms-treatment,3750,3767,bundle,17
24h,d6d8467c-96a0-411b-8d8a-be417866a895,1,ms-intelligence,3738,3771,bundle,33
24h,2316d141-f2b6-4bac-9ec1-02eb7357f04a,1,ms-treatment,3948,3960,bundle,12
24h,ed75e9fe-5115-458e-b404-01c4e418c1cb,1,ms-intelligence,3941,3965,bundle,24
24h,c84dcf98-e292-4313-b4a3-7d7cf15d47cf,1,ms-treatment,3997,4011,bundle,14
24h,95fd0335-43cd-4482-a9cf-19bfefc89ed8,1,ms-intelligence,3988,4014,bundle,26
24h,fb67bf42-4caa-47c6-8496-d91bc571339e,1,ms-treatment,4046,4057,bundle,11
24h,0bd22338-5c2d-4ea4-9472-05f639f180fd,1,ms-intelligence,4036,4062,bundle,26
24h,a6451d7f-fbf3-43f8-a8be-3bea22bb3cc5,1,ms-intelligence,4091,4116,bundle,25
24h,c57e5f04-4e3b-461a-a172-1fdb63e7114c,1,ms-treatment,4101,4119,bundle,18
24h,079aecc0-c1e1-47d7-a85d-fd95a67b3bdf,1,ms-treatment,4293,4299,bundle,6
24h,c40cbe7c-56a5-4ca4-8243-9b13f920fb00,1,ms-intelligence,4288,4304,bundle,16
24h,58b4f715-88ee-432e-b35f-6e587a7d8812,1,ms-treatment,4323,4330,bundle,7
24h,42ed24c8-c13e-4380-8bc6-9f3fd8926c57,1,ms-intelligence,4317,4334,bundle,17
24h,089f84b2-9dd8-492c-9bf7-436f260ee835,1,ms-treatment,4346,4351,bundle,5
24h,26ae47b0-5e22-4639-84cd-de50e96be886,1,ms-intelligence,4344,4357,bundle,13
24h,299f762b-413b-4ae3-b361-13a5014939d9,1,ms-treatment,4526,4531,bundle,5
24h,dbf691b8-3585-45aa-bf8b-d9b2835b360f,1,ms-intelligence,4519,4533,bundle,14
24h,9cbab5b5-4b13-486c-8e88-f59a2cf0af38,1,ms-treatment,4710,4726,bundle,16
24h,21f066bd-18f5-4f3e-aac7-44fdd726e9fd,1,ms-intelligence,4700,4730,bundle,30
24h,df9be600-677d-45d3-ba1a-cf312d5257c0,1,ms-treatment,4775,4785,bundle,10
24h,3574093d-5305-4150-963c-634d843a0578,1,ms-intelligence,4764,4790,bundle,26
24h,5d898127-29e0-411d-a621-d2421543a5a9,1,ms-treatment,4971,4981,bundle,10
24h,a791110c-ea52-4cd1-82e3-7c82cd601a77,1,ms-intelligence,4960,4985,bundle,25
24h,aeec6f8d-36e7-459c-b25c-1b313dd43034,1,ms-treatment,5018,5026,bundle,8
24h,95ba83e9-20b8-4294-b250-25c0042dc38c,1,ms-intelligence,5010,5030,bundle,20
24h,763fdf58-629e-4de2-832e-c8d68a10088c,1,ms-treatment,5212,5225,bundle,13
24h,47331e03-10f9-4703-b2cd-7a87287faa5e,1,ms-intelligence,5201,5230,bundle,29
24h,074586a1-db89-4bec-950b-3de0b75c8e97,1,ms-treatment,5263,5273,bundle,10
24h,8f197baa-7374-4e84-b4ad-21221d07283e,1,ms-intelligence,5253,5277,bundle,24
24h,d77c32f9-02cc-4ffa-a48d-dd16e8b98cda,1,ms-treatment,5461,5471,bundle,10
24h,5bbb4f48-9b43-45e6-8de2-ee8e76b37704,1,ms-intelligence,5451,5475,bundle,24
24h,668c8eb3-30f1-4a96-be9d-08f1d61d7642,1,ms-treatment,5508,5519,bundle,11
24h,cf112e33-358e-49d3-af09-7a29fb3ca133,1,ms-intelligence,5503,5525,bundle,22
24h,e82f4782-daa7-4c16-83be-fb55d403066b,1,ms-treatment,5709,5720,bundle,11
24h,db4974f8-bf94-4f13-95a1-bfe87df7ad69,1,ms-intelligence,5698,5725,bundle,27
24h,3f38d700-880e-4364-a5ab-fd5d04fba9e4,1,ms-treatment,5750,5757,bundle,7
24h,d98762d1-a61f-4437-92bd-5895f380db46,1,ms-intelligence,5742,5760,bundle,18
24h,0e52b3ff-45ec-4318-819d-8568287c525a,1,ms-treatment,5785,5792,bundle,7
24h,a80dfdce-c6f9-4d30-9154-1e1cb318f9de,1,ms-intelligence,5777,5795,bundle,18
24h,e89cb9b5-5b1c-4e07-a0e8-fb4fb281ef52,1,ms-treatment,5979,5991,bundle,12
24h,fd2c163c-886c-4fcf-ae31-18cd316059c9,1,ms-intelligence,5967,5995,bundle,28
24h,c5151505-0e6a-4d1c-aed7-4b71e9cfa1ac,1,ms-treatment,6172,6182,bundle,10
24h,9a3a12ea-3ab5-4b9a-b521-41f7bf004428,1,ms-intelligence,6167,6191,bundle,24
24h,285a96ef-495a-477e-8145-ac8a330de544,1,ms-treatment,6365,6376,bundle,11
24h,23022d54-841e-449e-ad9a-b772ba89903b,1,ms-intelligence,6357,6381,bundle,24
24h,53565463-b396-468b-a518-b9d9d35659b2,1,ms-treatment,6565,6575,bundle,10
24h,2b6df21d-fcf7-4cf0-ac07-684a33ed2ae9,1,ms-intelligence,6550,6578,bundle,28
24h,5b116a47-2f52-474f-b0cb-a4f74f99573a,1,ms-treatment,6619,6632,bundle,13
24h,a780eb20-812d-4c9a-aa17-be2390a76614,1,ms-intelligence,6607,6640,bundle,33
24h,8238552d-e9ca-4362-8254-735c078f0d0f,1,ms-treatment,6678,6691,bundle,13
24h,ab34d7b0-4f7f-4f3e-8811-9376d988c943,1,ms-intelligence,6667,6699,bundle,32
24h,0b25b578-be81-4810-92f4-a429cb21d863,1,ms-treatment,6874,6883,bundle,9
24h,4f82fcca-7800-4ebe-9337-5b0fc70cbdfe,1,ms-intelligence,6866,6886,bundle,20
24h,ed86d478-a204-4742-a832-8b7be66f8529,1,ms-treatment,6914,6924,bundle,10
24h,cf00a9a4-07b2-4297-b04c-260f9bb44b39,1,ms-intelligence,6905,6930,bundle,25
24h,159a5cbb-0f47-41e5-a062-d2067666959c,1,ms-treatment,7113,7124,bundle,11
24h,bfadc89d-fb41-4f4e-80ab-502161cf5c07,1,ms-intelligence,7104,7125,bundle,21
24h,f9c14213-8a8c-4ec9-9ef6-1c47c68801d4,1,ms-treatment,7168,7185,bundle,17
24h,fe66480c-1182-49e7-b0e2-2e80c3a44197,1,ms-intelligence,7154,7187,bundle,33
24h,be9fd5f4-1693-499c-bea3-2a7e02c824eb,1,ms-treatment,7371,7388,bundle,17
24h,887e3437-96c1-4688-9252-17bb2b75200f,1,ms-intelligence,7359,7392,bundle,33
24h,ed79c33c-7053-4596-8614-cb9c34ba3158,1,ms-treatment,7438,7454,bundle,16
24h,d2258258-be67-423d-a4b7-f61f584f8c12,1,ms-intelligence,7421,7458,bundle,37
24h,70961a34-6c58-466d-bc7d-d568e83fb21d,1,ms-treatment,7520,7526,bundle,6
24h,6347de11-103d-4d00-acde-4122652f9930,1,ms-intelligence,7507,7532,bundle,25
24h,57ff4ae9-0de0-4518-b652-e3fb55ee0c2d,1,ms-treatment,7715,7725,bundle,10
24h,977aeff4-ed5e-41a6-87f1-fa97d9b65dcd,1,ms-intelligence,7707,7726,bundle,19
24h,4b65694a-36ba-4b20-9729-431ff16cbf30,1,ms-treatment,7756,7764,bundle,8
24h,05788900-7f75-45af-86cc-b4aeef82f864,1,ms-intelligence,7748,7766,bundle,18
24h,535258c6-624e-42b7-b1bf-f34175068c37,1,ms-treatment,7944,7953,bundle,9
24h,2555192f-07f0-4497-ab08-33e535e4bcac,1,ms-intelligence,7936,7956,bundle,20
24h,64c74548-2ec6-41f2-90c0-02aa65e2c579,1,ms-treatment,8134,8144,bundle,10
24h,ebee799c-db58-49f9-a9dc-2f9dcea79114,1,ms-intelligence,8127,8147,bundle,20
24h,c7161037-8da7-4f09-a41d-676b13cec1f6,1,ms-treatment,8172,8179,bundle,7
24h,cb5cfbc0-fab9-4750-944d-1e326eb7eb27,1,ms-intelligence,8165,8183,bundle,18
24h,422e4f1f-8554-420e-8bbe-8b3b1dc58a0f,1,ms-treatment,8209,8219,bundle,10
24h,0e8ca3a9-2f65-42fc-bc57-42683101c257,1,ms-intelligence,8201,8224,bundle,23
24h,bafac997-6cbd-4ae3-9e63-16203a229394,1,ms-treatment,8403,8412,bundle,9
24h,32d54888-2aa6-41d3-a02e-823700f49c45,1,ms-intelligence,8395,8416,bundle,21
24h,64490030-11a9-451c-b935-283a2280e118,1,ms-treatment,8441,8449,bundle,8
24h,9ef96936-33b5-4888-a4a6-136d835db5a7,1,ms-intelligence,8434,8451,bundle,17
24h,c59ee1bc-d055-42c4-878a-f2dfc299555a,1,ms-treatment,8626,8636,bundle,10
24h,731708d9-48fe-4d66-b185-d5bf7ff94dd7,1,ms-intelligence,8618,8640,bundle,22
24h,e20ea17d-4199-47d8-aaec-0c2da03b8ba2,1,ms-treatment,8672,8681,bundle,9
24h,db9da329-4b3c-453e-9d0e-cf2a2fc1b463,1,ms-intelligence,8663,8685,bundle,22
24h,281542c6-f49b-4d46-89c2-68af97f59bb0,1,ms-treatment,8718,8731,bundle,13
24h,fa1153a4-1f49-4840-803c-dbbed2bd2082,1,ms-intelligence,8706,8733,bundle,27
24h,e3999178-18ee-42bd-a3ab-a8395b12ca34,1,ms-treatment,8912,8924,bundle,12
24h,c9041fbb-e551-4331-b6c0-8b1cad34e334,1,ms-intelligence,8904,8929,bundle,25
24h,4cfc57f9-0b97-4f45-bd15-ea69cc0d1ee8,1,ms-treatment,8961,8971,bundle,10
24h,1bb49397-db4d-4c5a-8689-3d7f32e6a577,1,ms-intelligence,8951,8973,bundle,22
24h,e1f699c0-cdb3-4af2-a9b8-52e154d810ac,1,ms-treatment,9000,9008,bundle,8
24h,f40d870a-5839-4286-a637-7d8106cd89bd,1,ms-intelligence,8993,9014,bundle,21
24h,0bbb80d7-163e-4900-af44-2b089920c4ff,1,ms-treatment,9040,9052,bundle,12
24h,daf91157-43fc-4548-9bfe-a5bdd61cd696,1,ms-intelligence,9033,9057,bundle,24
24h,f7289190-79c2-4ae6-86d9-0532dc70f514,1,ms-treatment,9235,9246,bundle,11
24h,a633a5df-2180-4e91-8b2d-00a63ac6d7ad,1,ms-intelligence,9226,9252,bundle,26
24h,e7a312e8-85f6-4fe0-8489-4b77de2508f8,1,ms-treatment,9284,9292,bundle,8
24h,49d64595-e235-4984-830d-a8dd094fc2b4,1,ms-intelligence,9275,9295,bundle,20
24h,923ae908-ad5b-4d34-a923-d27f64c42d4e,1,ms-treatment,9323,9333,bundle,10
24h,eec149bb-b1d4-41c2-a083-e0bda7fb369f,1,ms-intelligence,9315,9340,bundle,25
24h,5b13870d-e0b6-4149-abb7-7df9130ad256,1,ms-treatment,9522,9531,bundle,9
24h,9ad896f3-f481-4d5e-8ab8-be4ee83328fa,1,ms-intelligence,9511,9535,bundle,24
24h,d1295eea-e11a-4e2c-bd18-c3301932f8be,1,ms-treatment,9571,9582,bundle,11
24h,aaffb3a7-650a-4133-9bd4-3c3f0d3134a1,1,ms-intelligence,9560,9591,bundle,31
24h,b911e4eb-6583-4fb4-bef8-cdfa147b66ec,1,ms-intelligence,9619,9647,bundle,28
24h,a71fab2f-11d7-496e-8a6c-64c685b84e16,1,ms-treatment,9633,9653,bundle,20
24h,559c2680-907d-4952-9e45-5c2917fc7f07,1,ms-treatment,9821,9828,bundle,7
24h,8f73da7f-cee0-43fa-8602-1a40da7862ae,1,ms-intelligence,9818,9830,bundle,12
24h,3f835cfb-35db-40fc-aabb-c1c5ff1a6c0f,1,ms-treatment,9841,9845,bundle,4
24h,a7580765-e075-421c-be8e-d7cd8c73a75c,1,ms-intelligence,9838,9847,bundle,9
24h,d8071f34-e942-421c-9270-0760ace7ca10,1,ms-intelligence,9855,9866,bundle,11
24h,5c3f91db-d6a5-49e7-964d-e9381931111d,1,ms-treatment,9871,9875,bundle,4
24h,835f4793-3b39-4cbb-802a-721320e2ef6d,1,ms-treatment,9890,9894,bundle,4
24h,c0fa6fe7-1223-4c71-800a-02bc5fec24f7,1,ms-intelligence,9879,9901,bundle,22
24h,a06b4495-b407-4ff5-8728-7c8b7c4f463a,1,ms-treatment,10076,10084,bundle,8
24h,0acc5d2e-c270-404f-abd2-45c5fed699e2,1,ms-intelligence,10064,10086,bundle,22
24h,1fca35f4-12f0-47df-974c-247d53eda49d,1,ms-treatment,10114,10124,bundle,10
24h,b5d8e5f3-8e0b-4b60-9691-059d01dcee7f,1,ms-intelligence,10104,10129,bundle,25
24h,86705a4a-9779-4b4a-a570-7b5fad489d10,1,ms-treatment,10166,10189,bundle,23
24h,87f4f570-90b2-4bcf-a2a5-0d75de1cb666,1,ms-intelligence,10152,10193,bundle,41
24h,02d33011-ed16-4aae-9d42-61a974b291cd,1,ms-treatment,10366,10373,bundle,7
24h,58650135-96b1-41b5-950f-a4cc589b41a0,1,ms-intelligence,10358,10375,bundle,17
24h,86eee309-4de7-42a1-bb18-1ac95528355e,1,ms-treatment,10402,10411,bundle,9
24h,4a9fae8e-1918-4433-8ab3-6d2101cf0556,1,ms-intelligence,10395,10414,bundle,19
24h,8a2471ba-edac-47d2-b6df-eecb3cb9a5a7,1,ms-treatment,10441,10449,bundle,8
24h,e21f94ba-6cb7-423b-90cf-91130d7c237f,1,ms-intelligence,10434,10451,bundle,17
24h,2348052d-9992-4700-9735-9fe8726966fc,1,ms-treatment,10478,10486,bundle,8
24h,89086cef-b335-440b-9b3d-e0353d8b5b6d,1,ms-intelligence,10470,10488,bundle,18
24h,2291a146-fdfa-4052-8657-255f5d82d33e,1,ms-treatment,10664,10673,bundle,9
24h,95c10f2b-adf0-48a4-8aa1-d22c7e8137f5,1,ms-intelligence,10656,10675,bundle,19
24h,e485fd62-fa1f-492a-89db-855dfac036cb,1,ms-treatment,10702,10710,bundle,8
24h,e7332a1e-79be-4fb8-a37b-f8d82c4e28c3,1,ms-intelligence,10696,10713,bundle,17
24h,bbf8de93-7878-40fe-b462-722e55bcaf11,1,ms-treatment,10889,10896,bundle,7
24h,ffe36e36-55d9-41d1-b8c5-cb11f6b28144,1,ms-intelligence,10883,10900,bundle,17
24h,b0a82680-15fe-4cc3-a4c0-f9b38545e2be,1,ms-intelligence,10921,10947,bundle,26
24h,d4c1810d-fff7-4be4-b23c-3a2b37eb3fcc,1,ms-treatment,10934,10949,bundle,15
24h,922253df-7fcd-4627-a4a4-55ebf1684137,1,ms-treatment,10981,10989,bundle,8
24h,e6aab5e3-fbbf-4f81-9882-2a29d21991c0,1,ms-intelligence,10970,10993,bundle,23
24h,0e8ddd79-bf36-4347-a995-e4494965e08c,1,ms-intelligence,11154,11163,bundle,9
24h,1ca2fdf5-8b2b-46b2-b1a2-0504298f272b,1,ms-treatment,11159,11164,bundle,5
24h,aa713b08-62a2-42cd-8d07-e586aeb881ce,1,ms-intelligence,11174,11185,bundle,11
24h,a3057370-44bf-47e5-8db9-c67b0d9ae83a,1,ms-treatment,11178,11185,bundle,7
24h,c407c090-1a98-4a96-8c21-6c5c4b2497e2,1,ms-treatment,11347,11351,bundle,4
24h,8511c9be-7d1e-4ea1-98e9-9885ab2fb7fe,1,ms-intelligence,11344,11352,bundle,8
24h,aec4a701-171e-4ce4-917a-ac5f5489ca1c,1,ms-treatment,11366,11370,bundle,4
24h,fd2e5b9e-7742-4136-93d9-c6da8ec96c16,1,ms-intelligence,11361,11371,bundle,10
24h,c786006b-b66d-4113-ad0e-ea069c47a4cf,1,ms-treatment,11382,11386,bundle,4
24h,141f1dc5-ab6d-4127-88ab-0804510689fe,1,ms-intelligence,11378,11387,bundle,9
24h,2500c3b8-83cc-4599-894d-6d5809fda412,1,ms-treatment,11399,11403,bundle,4
24h,95ddf49a-9c12-467b-b261-850a6f93d45e,1,ms-intelligence,11396,11405,bundle,9
24h,7eaf2a32-69e1-47cc-93aa-fc2a618beba3,1,ms-treatment,11585,11593,bundle,8
24h,5910566a-7b22-4f7d-9d87-fe0fbbecc6c8,1,ms-intelligence,11578,11596,bundle,18
24h,139631a5-df10-42da-8fb6-460e23429e5b,1,ms-treatment,11635,11646,bundle,11
24h,5e03151d-7c33-481b-9f9a-fb2fb60b1cc6,1,ms-intelligence,11622,11648,bundle,26
24h,4282744a-c8e6-46fc-aaeb-b473c7d38b17,1,ms-treatment,11685,11696,bundle,11
24h,4d0f0a8e-465d-4a8a-ac39-6a961b23f172,1,ms-intelligence,11676,11702,bundle,26
24h,5832ec21-d0b0-45ca-9624-ac5dcd83ebaa,1,ms-treatment,11874,11883,bundle,9
24h,75341358-5c98-44c7-9d63-0431157ed04c,1,ms-intelligence,11868,11887,bundle,19
24h,95e3be41-0ef8-4189-ab8c-a91ff885fefd,1,ms-treatment,11915,11926,bundle,11
24h,1baf2623-6df4-46b6-b22f-7e289eab05d0,1,ms-intelligence,11906,11931,bundle,25
24h,3bb95f98-a1a7-42f8-99cc-55acc2cb081e,1,ms-treatment,11959,11973,bundle,14
24h,5f7b8203-d934-4014-8391-397b7a9ddab8,1,ms-intelligence,11951,11978,bundle,27
24h,918d9d56-3094-4bdd-9e3b-a38c5e2d5f38,1,ms-treatment,12021,12034,bundle,13
24h,83f7f855-45cf-4e3c-92ab-96cd2eb06055,1,ms-intelligence,12019,12041,bundle,22
24h,0c3f5dd2-3717-46a9-8378-3e858809acee,1,ms-treatment,12212,12217,bundle,5
24h,e5db88ed-e5e4-4a3f-9342-69afbd4bc401,1,ms-intelligence,12207,12218,bundle,11
24h,c7a7bcde-1255-4e27-b7f8-520bfbf01605,1,ms-treatment,12246,12252,bundle,6
24h,23ad714b-22b7-42f0-bed5-fe04d6484381,1,ms-intelligence,12236,12250,bundle,14
24h,f525c798-c83c-499a-a747-2d9dc8ba21ad,1,ms-treatment,12414,12418,bundle,4
24h,91a10bb5-a8c2-4ba7-9729-c74030888050,1,ms-intelligence,12410,12419,bundle,9
24h,0c531cd9-923d-4185-a692-89ba6ab1edaf,1,ms-treatment,12430,12435,bundle,5
24h,b353d55d-518f-412d-8fe7-82332e84679d,1,ms-intelligence,12428,12440,bundle,12
24h,e7b7dddf-379b-44a1-b77e-6158b949d62f,1,ms-treatment,12456,12464,bundle,8
24h,9bbcbb6f-83a7-4a3b-a211-a69c2fdf54f1,1,ms-intelligence,12452,12462,bundle,10
24h,374d779c-ccf8-42d0-9b4f-042911af3d73,1,ms-treatment,12479,12483,bundle,4
24h,c6ad9a94-4c41-488d-998d-6ce4a02e4ba3,1,ms-intelligence,12476,12485,bundle,9
24h,d3f63e2b-82dd-40c4-911d-4c11ef855395,1,ms-treatment,12660,12673,bundle,13
24h,dbf04adf-045f-4de4-8afe-37e67575acb5,1,ms-intelligence,12650,12676,bundle,26
24h,02feb082-39fa-459c-97fe-b9c29b832564,1,ms-treatment,12702,12713,bundle,11
24h,eb133866-745b-4139-87f2-d4f4c15d34c9,1,ms-intelligence,12694,12715,bundle,21
24h,e82343a5-42a8-4601-b732-3118aa16a92b,1,ms-treatment,12745,12752,bundle,7
24h,ae9e93db-eba5-4343-9c29-63630154a406,1,ms-intelligence,12738,12755,bundle,17
